checkpoint,method,spearman_tfd_mean,spearman_ffd_mean,spearman_fc_mean,overlap_span_mean,overlap_span_1_mean,overlap_span_2_mean,overlap_span_3_mean,overlap_span_4_mean,overlap_span_5_mean,overlap_span_10_mean,overlap_span_20_mean,ce_model_span_mean,kl_model_span_mean,js_model_span_mean,ce_model_human_mean,kl_model_human_mean,js_model_human_mean,n_texts
mrbert_full,saliency,0.048694158504797504,-0.054347161330150426,0.09223084753413108,0.8868990044190389,0.8899845785776724,0.8890586526517466,0.8867755476289154,0.8713434488634834,0.8868990044190389,0.8868990044190389,0.8868990044190389,24.712627243335266,20.62026026720715,0.8318557893763536,24.325813340765965,20.20761980999106,0.7881399230331894,40
mrbert_full,input_x_gradient,0.045025206828074926,-0.057214334025319204,0.08803425241189992,0.8868990044190389,0.8899845785776724,0.8890586526517466,0.8867755476289154,0.8713434488634834,0.8868990044190389,0.8868990044190389,0.8868990044190389,24.723793969165264,20.631426993037273,0.8381796222408113,24.341762948224975,20.223569417450097,0.7967886928176352,40
mrbert_full,ig,0.03673505547553611,-0.06170677407648111,0.08326764007721646,0.9048725294865437,0.9085752184769038,0.9074641073657926,0.9047243813383955,0.8862058628198769,0.9048725294865437,0.9048725294865437,0.9048725294865437,24.989497399625968,20.94727034466772,0.8374009253396054,24.58278657072108,20.560439063971064,0.8065228874157827,34
mrbert_full,lrp,0.041239806366057126,-0.050678083727706685,0.08109052238398365,0.8868990044190389,0.8899845785776724,0.8890586526517466,0.902331103184471,0.8868990044190389,0.8868990044190389,0.8868990044190389,0.8868990044190389,24.75805783260543,20.6656908564786,0.8399000837317498,24.40557630722173,20.287382776446965,0.7975325420672318,40
mbert_filtered,saliency,0.07918972193783329,-0.04047514697630589,0.12709261851212247,0.8868990044190389,0.8899845785776724,0.8890586526517466,0.8867755476289154,0.8713434488634834,0.8713434488634834,0.8713434488634834,0.8868990044190389,24.02937667896576,19.93700970283326,0.7942400634917243,23.428410536345602,19.31021700557077,0.7381430943269596,40
mbert_filtered,input_x_gradient,0.07126330805708066,-0.04261585504467781,0.11754829242254651,0.8868990044190389,0.8899845785776724,0.8890586526517466,0.8867755476289154,0.8713434488634834,0.8713434488634834,0.8713434488634834,0.8868990044190389,24.047731462369455,19.955364486237183,0.8029634250449789,23.449556307244436,19.33136277646964,0.7486009789656993,40
mbert_filtered,ig,0.07078990358647647,-0.033917534844689734,0.11646144523436273,0.9160639966057739,0.9193310751266799,0.918350682969817,0.9159332776515254,0.8995934083704796,0.8995934083704796,0.8995934083704796,0.9160639966057739,24.46555734046525,20.372703056931517,0.8077743437030399,23.866899723161207,19.798112038093155,0.7648428770860671,38
mbert_filtered,lrp,0.07834921705386116,-0.043988255279603934,0.12612615734725827,0.8868990044190389,0.8899845785776724,0.8890586526517466,0.8867755476289154,0.8713434488634834,0.8713434488634834,0.8713434488634834,0.8868990044190389,22.973146579385222,18.88077960325281,0.7566216666143296,22.894081918881973,18.775888388107195,0.7222728262721265,40
mrbert_filtered,saliency,0.0483020772851887,-0.055216970604676376,0.09198371318024418,0.8868990044190389,0.8899845785776724,0.8890586526517466,0.8867755476289154,0.8713434488634834,0.8868990044190389,0.8868990044190389,0.8868990044190389,24.713817977060994,20.621451000932826,0.8325610323652463,24.32567573032542,20.2074821995505,0.7881255780128011,40
mrbert_filtered,input_x_gradient,0.04555571722783008,-0.055654322590046434,0.08857319932057729,0.8868990044190389,0.8899845785776724,0.8890586526517466,0.8867755476289154,0.8713434488634834,0.8868990044190389,0.8868990044190389,0.8868990044190389,24.729570659855447,20.637203683727513,0.8409683679200978,24.348693496717253,20.23049996594237,0.799907401206384,40
mrbert_filtered,ig,0.03909945478566282,-0.0647402153993684,0.08605477599373564,0.9178650343777883,0.9216954022988505,0.9205459770114942,0.9177117776728075,0.8985546895502021,0.9178650343777883,0.9178650343777883,0.9178650343777883,25.609051982902226,21.56100433848104,0.8540583629053202,25.23928627052327,21.23028253240061,0.8276895188913328,33
mrbert_filtered,lrp,0.048069241105486854,-0.0417979283251753,0.08459280379326332,0.8868990044190389,0.8899845785776724,0.8890586526517466,0.8867755476289154,0.8713434488634834,0.8868990044190389,0.8868990044190389,0.8868990044190389,24.194489971380175,20.102122995253293,0.819415321557603,23.779560128707153,19.66136659793227,0.7760803929930888,40
mbert_full,saliency,0.07635936663419045,-0.04233999479882896,0.12384640350364381,0.8868990044190389,0.8899845785776724,0.8890586526517466,0.8867755476289154,0.8713434488634834,0.8713434488634834,0.8713434488634834,0.8868990044190389,24.029496094242592,19.937129118110068,0.7941531966457676,23.43029455285781,19.312101022082935,0.7390665717395474,40
mbert_full,input_x_gradient,0.06773510546815774,-0.039795885435701235,0.11380960630203141,0.8868990044190389,0.8899845785776724,0.8890586526517466,0.8867755476289154,0.8713434488634834,0.8713434488634834,0.8713434488634834,0.8868990044190389,24.051814236471593,19.959447260339186,0.8048217306412397,23.463814946742232,19.345621415967333,0.7555988777744915,40
mbert_full,ig,0.06984158869198623,-0.03900203434097922,0.11566857891978767,0.9160639966057739,0.9193310751266799,0.918350682969817,0.9159332776515254,0.8995934083704796,0.8995934083704796,0.8995934083704796,0.9160639966057739,24.459775630206106,20.36692134667266,0.8053272584266247,23.872520094220427,19.803732409152293,0.7677479827577536,38
mbert_full,lrp,0.08086208532965182,-0.044545345291418244,0.12718278812961695,0.8868990044190389,0.8899845785776724,0.8890586526517466,0.8867755476289154,0.8713434488634834,0.8713434488634834,0.8713434488634834,0.8868990044190389,24.09435477417883,20.00198779804695,0.8046909804386724,23.499376489545924,19.3811829587711,0.7497232124623951,40
beto_full,saliency,0.07451040103516797,-0.04152418958797314,0.12212887074052511,0.8868990044190389,0.8899845785776724,0.8890586526517466,0.8867755476289154,0.8713434488634834,0.8713434488634834,0.8713434488634834,0.8868990044190389,24.028306775020546,19.935939798888047,0.7935126216860062,23.430149421405776,19.311955890630998,0.7388789605915432,40
beto_full,input_x_gradient,0.06750909211486973,-0.03810874488429925,0.11554508402452529,0.8868990044190389,0.8899845785776724,0.8890586526517466,0.8867755476289154,0.8713434488634834,0.8713434488634834,0.8713434488634834,0.8868990044190389,24.053947142148836,19.96158016601654,0.8057354372031261,23.467103583500226,19.348910052725532,0.7562752435919575,40
beto_full,ig,0.067574071277832,-0.03590007284231909,0.11338071713467258,0.9039135265888166,0.9070872600091253,0.9061348790567444,0.9037865424618324,0.8879135265888165,0.8879135265888165,0.8879135265888165,0.9039135265888166,24.53330608630859,20.43303712710453,0.8082745818829378,23.96669602935906,19.87180449803051,0.7690414062140815,39
beto_full,lrp,0.0699412828396499,-0.04394714435372669,0.115386211812527,0.8868990044190389,0.8899845785776724,0.8736265538863144,0.8713434488634834,0.8713434488634834,0.8713434488634834,0.8713434488634834,0.8868990044190389,23.574747819279615,19.482380843149066,0.7815113972174412,22.971661604599795,18.853468073825116,0.7274820014002439,40
beto_filtered,saliency,0.07493714885323885,-0.04144253514225806,0.12249617159990502,0.8868990044190389,0.8899845785776724,0.8890586526517466,0.8867755476289154,0.8713434488634834,0.8713434488634834,0.8713434488634834,0.8868990044190389,24.027529925510823,19.935162949378316,0.79300121795044,23.429012866146657,19.310819335371868,0.7382265812484826,40
beto_filtered,input_x_gradient,0.06912954369826499,-0.0425368319903447,0.11662096167873154,0.8868990044190389,0.8899845785776724,0.8890586526517466,0.8867755476289154,0.8713434488634834,0.8713434488634834,0.8713434488634834,0.8868990044190389,24.050877829923014,19.958510853790767,0.8050029269962596,23.461922595741278,19.343729064966517,0.7550953376951975,40
beto_filtered,ig,0.06749672800811131,-0.04194484689896002,0.11485608196511696,0.9039135265888166,0.9070872600091253,0.9061348790567444,0.9037865424618324,0.8879135265888165,0.8879135265888165,0.8879135265888165,0.9039135265888166,24.529939374450976,20.429670415247017,0.808081108880071,23.965612035356685,19.87072050402802,0.7701621988710378,39
beto_filtered,lrp,0.07462006264739364,-0.04590636121440637,0.12145112725012165,0.8868990044190389,0.8899845785776724,0.8890586526517466,0.8867755476289154,0.8713434488634834,0.8713434488634834,0.8713434488634834,0.8868990044190389,23.532247912489385,19.43988093635814,0.7823319960944131,22.926196209766783,18.808002678992008,0.7304305793229414,40
